Protein	Peptide N	Peptide
P82993	1	MEVNVK
P82993	2	GNYVQVYVMLPLDAVSVNNR
P82993	3	FEK
P82993	4	GDELR
P82993	5	AQLR
P82993	6	K
P82993	7	LVEAGVDGVMVDVWWGLVEGK
P82993	8	GPK
P82993	9	AYDWSAYK
P82993	10	QLFELVQK
P82993	11	AGLK
P82993	12	LQAIMSFHQCGGNVGDAVNIPIPQWVR
P82993	13	DVGTR
P82993	14	DPDIFYTDGHGTR
P82993	15	NIEYLTLGVDNQPLFHGR
P82993	16	SAVQMYADYMTSFR
P82993	17	ENMK
P82993	18	EFLDAGVIVDIEVGLGPAGEMR
P82993	19	YPSYPQSHGWSFPGIGEFICYDK
P82993	20	YLQADFK
P82993	21	AAAAAVGHPEWEFPNDAGQYNDTPER
P82993	22	TQFFR
P82993	23	DNGTYLTEK
P82993	24	GR
P82993	25	FFLAWYSNNLIK
P82993	26	HGDR
P82993	27	ILDEANK
P82993	28	VFLGYK
P82993	29	VQLAIK
P82993	30	ISGIHWWYK
P82993	31	VPSHAAELTAGYYNLHDR
P82993	32	DGYR
P82993	33	TIAR
P82993	34	MLK
P82993	35	R
P82993	36	HR
P82993	37	ASINFTCAEMR
P82993	38	DSEQSSQAMSAPEELVQQVLSAGWR
P82993	39	EGLNVACENALPR
P82993	40	YDPTAYNTILR
P82993	41	NARPHGINQSGPPEHK
P82993	42	LFGFTYLR
P82993	43	LSNQLVEGQNYVNFK
P82993	44	TFVDR
P82993	45	MHANLPR
P82993	46	DPYVDPMAPLPR
P82993	47	SGPEISIEMILQAAKPK
P82993	48	LQPFPFQEHTDLPVGPTGGMGGQAEGPTCGMGGQVK
P82993	49	GPTGGMGGQAEDPTSGMGGELPATM
P00693	1	MGK
P00693	2	NGSLCCFSLLLLLLLAGLASGHQVLFQGFNWESWK
P00693	3	QSGGWYNMMMGK
P00693	4	VDDIAAAGVTHVWLPPPSHSVSNEGYMPGR
P00693	5	LYDIDASK
P00693	6	YGNAAELK
P00693	7	SLIGALHGK
P00693	8	GVQAIADIVINHR
P00693	9	CADYK
P00693	10	DSR
P00693	11	GIYCIFEGGTSDGR
P00693	12	LDWGPHMICR
P00693	13	DDTK
P00693	14	YSDGTANLDTGADFAAAPDIDHLNDR
P00693	15	VQR
P00693	16	ELK
P00693	17	EWLLWLK
P00693	18	SDLGFDAWR
P00693	19	LDFAR
P00693	20	GYSPEMAK
P00693	21	VYIDGTSPSLAVAEVWDNMATGGDGKPNYDQDAHR
P00693	22	QNLVNWVDK
P00693	23	VGGAASAGMVFDFTTK
P00693	24	GILNAAVEGELWR
P00693	25	LIDPQGK
P00693	26	APGVMGWWPAK
P00693	27	AATFVDNHDTGSTQAMWPFPSDK
P00693	28	VMQGYAYILTHPGIPCIFYDHFFNWGFK
P00693	29	DQIAALVAIR
P00693	30	K
P00693	31	R
P00693	32	NGITATSALK
P00693	33	ILMHEGDAYVAEIDGK
P00693	34	VVVK
P00693	35	IGSR
P00693	36	YDVGAVIPAGFVTSAHGNDYAVWEK
P00693	37	NGAAATLQR
P00693	38	S
